INSERT INTO User (UserID, Username, Email, PasswordHash, Level, XP, SettingsID) VALUES (1, 'nehemiah', 'nehemiah@example.com', 'hash123', 5, 330, 1);
INSERT INTO User (UserID, Username, Email, PasswordHash, Level, XP, SettingsID) VALUES (2, 'kira', 'kira@example.com', 'hash456', 3, 120, 2);
INSERT INTO Settings (SettingsID, UserID, Preferences) VALUES (1, 1, 'dark_mode=true;notifications=on');
INSERT INTO Settings (SettingsID, UserID, Preferences) VALUES (2, 2, 'dark_mode=false;notifications=on');
INSERT INTO Guild (GuildID, OwnerUserID, Name, CreatedAt, TotalGuildXP) VALUES (1, 1, 'ThesisForge', '2025-06-20', 0);
INSERT INTO Guild (GuildID, OwnerUserID, Name, CreatedAt, TotalGuildXP) VALUES (2, 1, 'FrameLab', '2025-06-20', 0);
INSERT INTO Guild (GuildID, OwnerUserID, Name, CreatedAt, TotalGuildXP) VALUES (3, 2, 'LaunchPad', '2025-06-21', 0);
INSERT INTO Guild (GuildID, OwnerUserID, Name, CreatedAt, TotalGuildXP) VALUES (4, 2, 'Backstage HQ', '2025-06-22', 0);
INSERT INTO Guild (GuildID, OwnerUserID, Name, CreatedAt, TotalGuildXP) VALUES (5, 1, 'PromoPort', '2025-06-23', 0);
INSERT INTO Guild (GuildID, OwnerUserID, Name, CreatedAt, TotalGuildXP) VALUES (6, 2, 'DevDock', '2025-06-23', 0);
INSERT INTO GuildMember (GuildID, UserID, Role, JoinedAt) VALUES (1, 1, 'Owner', '2025-06-20');
INSERT INTO GuildMember (GuildID, UserID, Role, JoinedAt) VALUES (2, 2, 'Owner', '2025-06-21');
INSERT INTO GuildMember (GuildID, UserID, Role, JoinedAt) VALUES (1, 2, 'Member', '2025-06-22');
INSERT INTO Quest (QuestID, CreatorUserID, AssignedToUserID, Title, Description, DoDate, DueDate, Type, GuildID, XPValue, Status) VALUES (1, 1, 1, 'Finalize Capstone Proposal', 'Complete and submit your final capstone document with peer-reviewed sources.', '2025-06-26', '2025-06-28', 'Main', 1, 100, 'Pending');
INSERT INTO Quest (QuestID, CreatorUserID, AssignedToUserID, Title, Description, DoDate, DueDate, Type, GuildID, XPValue, Status) VALUES (2, 1, 1, 'Edit Event Teaser Video', 'Produce the final cut for the teaser and sync it with background music.', '2025-06-27', '2025-06-28', 'Main', 2, 100, 'Pending');
INSERT INTO Quest (QuestID, CreatorUserID, AssignedToUserID, Title, Description, DoDate, DueDate, Type, GuildID, XPValue, Status) VALUES (3, 1, 1, 'Deploy Beta Version of App', 'Push the latest build to the test server and notify QA testers.', '2025-06-28', '2025-06-29', 'Main', 3, 100, 'Pending');
INSERT INTO Quest (QuestID, CreatorUserID, AssignedToUserID, Title, Description, DoDate, DueDate, Type, GuildID, XPValue, Status) VALUES (4, 1, 1, 'Write Talk Script for Webinar', 'Prepare a 10-minute script for your segment in the upcoming webinar.', '2025-06-26', '2025-06-27', 'Main', 1, 100, 'Pending');
INSERT INTO Quest (QuestID, CreatorUserID, AssignedToUserID, Title, Description, DoDate, DueDate, Type, GuildID, XPValue, Status) VALUES (5, 2, 2, 'Coordinate Food Orders for Team Meeting', 'Collect preferences and place food delivery ahead of the sync.', '2025-06-25', '2025-06-26', 'Side', 4, 50, 'Pending');
INSERT INTO Quest (QuestID, CreatorUserID, AssignedToUserID, Title, Description, DoDate, DueDate, Type, GuildID, XPValue, Status) VALUES (6, 2, 2, 'Update Slide Deck for Client Pitch', 'Refresh visual design and revise the case study section.', '2025-06-27', '2025-06-28', 'Side', 5, 50, 'Pending');
INSERT INTO Quest (QuestID, CreatorUserID, AssignedToUserID, Title, Description, DoDate, DueDate, Type, GuildID, XPValue, Status) VALUES (7, 1, 1, 'Post Schedule on Team Dashboard', 'Add updated weekly goals and tasks to the workspace.', '2025-06-24', '2025-06-25', 'Side', 6, 50, 'Pending');
INSERT INTO Quest (QuestID, CreatorUserID, AssignedToUserID, Title, Description, DoDate, DueDate, Type, GuildID, XPValue, Status) VALUES (8, 1, 1, 'Confirm Speaker Attendance', 'Follow up with all event speakers to confirm availability.', '2025-06-26', '2025-06-27', 'Side', 4, 50, 'Pending');
INSERT INTO Quest (QuestID, CreatorUserID, AssignedToUserID, Title, Description, DoDate, DueDate, Type, GuildID, XPValue, Status) VALUES (9, 1, 1, 'Create Social Media Countdown', 'Schedule 3-day countdown graphics on all event pages.', '2025-06-25', '2025-06-26', 'Side', 5, 50, 'Pending');
INSERT INTO Quest (QuestID, CreatorUserID, AssignedToUserID, Title, Description, DoDate, DueDate, Type, GuildID, XPValue, Status) VALUES (10, 1, 1, 'Mock Interview with Teammate', 'Conduct a 30-minute mock session for internship prep.', '2025-06-26', '2025-06-27', 'Side', 1, 50, 'Pending');
INSERT INTO Quest (QuestID, CreatorUserID, AssignedToUserID, Title, Description, DoDate, DueDate, Type, GuildID, XPValue, Status) VALUES (11, 2, 2, 'Upload Documentation to Repository', 'Organize project files and upload the latest documentation.', '2025-06-28', '2025-06-29', 'Side', 6, 50, 'Pending');
INSERT INTO Quest (QuestID, CreatorUserID, AssignedToUserID, Title, Description, DoDate, DueDate, Type, GuildID, XPValue, Status) VALUES (12, 1, 1, 'Set Up Event QR Check-In Form', 'Build and test a Google Form for day-of onsite check-ins.', '2025-06-25', '2025-06-26', 'Side', 4, 50, 'Pending');
INSERT INTO Quest (QuestID, CreatorUserID, AssignedToUserID, Title, Description, DoDate, DueDate, Type, GuildID, XPValue, Status) VALUES (13, 1, 1, 'Print Attendance Sheet', 'Print two copies of the updated sheet for manual tracking.', '2025-06-24', '2025-06-25', 'Mini', NULL, 15, 'Pending');
INSERT INTO Quest (QuestID, CreatorUserID, AssignedToUserID, Title, Description, DoDate, DueDate, Type, GuildID, XPValue, Status) VALUES (14, 1, 1, 'Clear Desktop Icons', 'Organize and clean your desktop before the presentation.', '2025-06-24', '2025-06-25', 'Mini', NULL, 15, 'Pending');
INSERT INTO Quest (QuestID, CreatorUserID, AssignedToUserID, Title, Description, DoDate, DueDate, Type, GuildID, XPValue, Status) VALUES (15, 1, 1, 'Charge Camera Batteries', 'Make sure all camera batteries are fully charged for the event.', '2025-06-25', '2025-06-26', 'Mini', 2, 15, 'Pending');
INSERT INTO Notification (NotificationID, UserID, Message, Type, CreatedAt, IsRead) VALUES (1, 1, 'You gained 100 XP!', 'XP Gain', '2025-06-26', False);
INSERT INTO Notification (NotificationID, UserID, Message, Type, CreatedAt, IsRead) VALUES (2, 2, 'New quest assigned to you.', 'Quest Assigned', '2025-06-26', True);
